{
    "Linear": 0.00858763684951644,
    "Ridge": 0.008587652586295486,
    "RF": 0.009834785840950157
}