{
    "MAE": 0.00858763684951644,
    "RMSE": 0.011424392919886363,
    "R2": 0.011277143043210591
}